192.168.0.103,48.208.208.22,UDP,54119,3480,90,2025-06-29 00:51:53.786648
192.168.0.103,48.208.208.22,UDP,54119,3480,337,2025-06-29 00:51:53.790628
48.208.208.22,192.168.0.103,UDP,3480,54119,185,2025-06-29 00:51:53.793622
48.208.208.22,192.168.0.103,UDP,3480,54119,172,2025-06-29 00:51:53.797638
192.168.0.103,48.208.208.22,UDP,54119,3480,337,2025-06-29 00:51:53.799631
192.168.0.103,48.208.208.22,UDP,54119,3480,153,2025-06-29 00:51:53.805616
48.208.208.22,192.168.0.103,UDP,3480,54119,186,2025-06-29 00:51:53.807645
192.168.0.103,48.208.208.22,UDP,54119,3480,83,2025-06-29 00:51:53.810637
48.208.208.22,192.168.0.103,UDP,3480,54119,178,2025-06-29 00:51:53.813629
192.168.0.103,48.208.208.22,UDP,54119,3480,337,2025-06-29 00:51:53.817653
192.168.0.103,48.208.208.22,UDP,54119,3480,90,2025-06-29 00:51:53.820644
48.208.208.22,192.168.0.103,UDP,3480,54119,171,2025-06-29 00:51:53.823636
48.208.208.22,192.168.0.103,UDP,3480,54119,110,2025-06-29 00:51:53.829663
192.168.0.103,48.208.208.22,UDP,54119,3480,337,2025-06-29 00:51:53.832655
48.208.208.22,192.168.0.103,UDP,3480,54119,168,2025-06-29 00:51:53.837642
192.168.0.103,48.208.208.22,UDP,54119,3480,337,2025-06-29 00:51:53.840634
48.208.208.22,192.168.0.103,UDP,3480,54119,167,2025-06-29 00:51:53.914614
192.168.0.103,48.208.208.22,UDP,54119,3480,90,2025-06-29 00:51:53.916645
192.168.0.103,48.208.208.22,UDP,54119,3480,337,2025-06-29 00:51:53.920623
48.208.208.22,192.168.0.103,UDP,3480,54119,166,2025-06-29 00:51:53.924612
192.168.0.103,48.208.208.22,UDP,54119,3480,337,2025-06-29 00:51:53.926646
48.208.208.22,192.168.0.103,UDP,3480,54119,172,2025-06-29 00:51:53.928624
48.208.208.22,192.168.0.103,UDP,3480,54119,176,2025-06-29 00:51:53.931617
192.168.0.103,48.208.208.22,UDP,54119,3480,337,2025-06-29 00:51:53.933612
192.168.0.103,48.208.208.22,UDP,54119,3480,332,2025-06-29 00:51:53.937656
192.168.0.103,48.208.208.22,UDP,54119,3480,90,2025-06-29 00:51:53.940648
48.208.208.22,192.168.0.103,UDP,3480,54119,177,2025-06-29 00:51:53.942642
48.208.208.22,192.168.0.103,UDP,3480,54119,190,2025-06-29 00:51:53.944637
192.168.0.103,48.208.208.22,UDP,54119,3480,337,2025-06-29 00:51:53.946667
192.168.0.103,48.208.208.22,UDP,54119,3480,118,2025-06-29 00:51:53.951645
48.208.208.22,192.168.0.103,UDP,3480,54119,182,2025-06-29 00:51:53.953639
192.168.0.103,48.208.208.22,UDP,54119,3480,90,2025-06-29 00:51:53.955633
192.168.0.103,48.208.208.22,UDP,54119,3480,337,2025-06-29 00:51:53.958653
48.208.208.22,192.168.0.103,UDP,3480,54119,181,2025-06-29 00:51:53.961646
192.168.0.103,48.208.208.22,UDP,54119,3480,337,2025-06-29 00:51:53.964639
48.208.208.22,192.168.0.103,UDP,3480,54119,182,2025-06-29 00:51:53.969654
48.208.208.22,192.168.0.103,UDP,3480,54119,180,2025-06-29 00:51:53.972645
192.168.0.103,48.208.208.22,UDP,54119,3480,337,2025-06-29 00:51:53.976676
48.208.208.22,192.168.0.103,UDP,3480,54119,90,2025-06-29 00:51:53.990654
48.208.208.22,192.168.0.103,UDP,3480,54119,134,2025-06-29 00:51:53.992646
192.168.0.103,48.208.208.22,UDP,54119,3480,90,2025-06-29 00:51:53.996154
48.208.208.22,192.168.0.103,UDP,3480,54119,180,2025-06-29 00:51:54.001649
192.168.0.103,48.208.208.22,UDP,54119,3480,337,2025-06-29 00:51:54.007671
48.208.208.22,192.168.0.103,UDP,3480,54119,151,2025-06-29 00:51:54.010661
48.208.208.22,192.168.0.103,UDP,3480,54119,178,2025-06-29 00:51:54.021652
192.168.0.103,48.208.208.22,UDP,54119,3480,337,2025-06-29 00:51:54.023646
48.208.208.22,192.168.0.103,UDP,3480,54119,171,2025-06-29 00:51:54.025641
192.168.0.103,48.208.208.22,UDP,54119,3480,337,2025-06-29 00:51:54.028662
48.208.208.22,192.168.0.103,UDP,3480,54119,163,2025-06-29 00:51:54.032650
192.168.0.103,48.208.208.22,UDP,54119,3480,90,2025-06-29 00:51:54.036682
48.208.208.22,192.168.0.103,UDP,3480,54119,173,2025-06-29 00:51:54.040660
192.168.0.103,48.208.208.22,UDP,54119,3480,337,2025-06-29 00:51:54.043653
48.208.208.22,192.168.0.103,UDP,3480,54119,178,2025-06-29 00:51:54.047674
192.168.0.103,48.208.208.22,UDP,54119,3480,337,2025-06-29 00:51:54.050667
48.208.208.22,192.168.0.103,UDP,3480,54119,172,2025-06-29 00:51:54.054656
192.168.0.103,48.208.208.22,UDP,54119,3480,90,2025-06-29 00:51:54.057676
192.168.0.103,48.208.208.22,UDP,54119,3480,145,2025-06-29 00:51:54.060668
192.168.0.103,48.208.208.22,UDP,54119,3480,337,2025-06-29 00:51:54.063660
48.208.208.22,192.168.0.103,UDP,3480,54119,174,2025-06-29 00:51:54.065655
192.168.0.103,48.208.208.22,UDP,54119,3480,83,2025-06-29 00:51:54.068677
48.208.208.22,192.168.0.103,UDP,3480,54119,167,2025-06-29 00:51:54.070670
192.168.0.103,48.208.208.22,UDP,54119,3480,337,2025-06-29 00:51:54.075658
48.208.208.22,192.168.0.103,UDP,3480,54119,169,2025-06-29 00:51:54.077652
192.168.0.103,48.208.208.22,UDP,54119,3480,90,2025-06-29 00:51:54.079647
192.168.0.103,48.208.208.22,UDP,54119,3480,337,2025-06-29 00:51:54.082640
48.208.208.22,192.168.0.103,UDP,3480,54119,163,2025-06-29 00:51:54.085632
192.168.0.103,48.208.208.22,UDP,54119,3480,107,2025-06-29 00:51:54.088657
48.208.208.22,192.168.0.103,UDP,3480,54119,165,2025-06-29 00:51:54.091648
192.168.0.103,48.208.208.22,UDP,54119,3480,337,2025-06-29 00:51:54.102638
48.208.208.22,192.168.0.103,UDP,3480,54119,158,2025-06-29 00:51:54.104632
192.168.0.103,48.208.208.22,UDP,54119,3480,337,2025-06-29 00:51:54.114631
48.208.208.22,192.168.0.103,UDP,3480,54119,142,2025-06-29 00:51:54.118648
192.168.0.103,48.208.208.22,UDP,54119,3480,90,2025-06-29 00:51:54.121640
48.208.208.22,192.168.0.103,UDP,3480,54119,141,2025-06-29 00:51:54.128646
192.168.0.103,48.208.208.22,UDP,54119,3480,337,2025-06-29 00:51:54.130640
48.208.208.22,192.168.0.103,UDP,3480,54119,139,2025-06-29 00:51:54.132635
192.168.0.103,48.208.208.22,UDP,54119,3480,337,2025-06-29 00:51:54.136667
48.208.208.22,192.168.0.103,UDP,3480,54119,110,2025-06-29 00:51:54.140644
48.208.208.22,192.168.0.103,UDP,3480,54119,137,2025-06-29 00:51:54.143636
192.168.0.103,48.208.208.22,UDP,54119,3480,90,2025-06-29 00:51:54.147660
192.168.0.103,48.208.208.22,UDP,54119,3480,337,2025-06-29 00:51:54.151650
48.208.208.22,192.168.0.103,UDP,3480,54119,151,2025-06-29 00:51:54.154642
48.208.208.22,192.168.0.103,UDP,3480,54119,156,2025-06-29 00:51:54.158661
192.168.0.103,48.208.208.22,UDP,54119,3480,337,2025-06-29 00:51:54.161653
192.168.0.103,48.208.208.22,UDP,54119,3480,337,2025-06-29 00:51:54.164646
48.208.208.22,192.168.0.103,UDP,3480,54119,155,2025-06-29 00:51:54.168662
192.168.0.103,48.208.208.22,UDP,54119,3480,90,2025-06-29 00:51:54.171653
48.208.208.22,192.168.0.103,UDP,3480,54119,150,2025-06-29 00:51:54.175643
192.168.0.103,48.208.208.22,UDP,54119,3480,337,2025-06-29 00:51:54.177666
48.208.208.22,192.168.0.103,UDP,3480,54119,155,2025-06-29 00:51:54.179661
192.168.0.103,48.208.208.22,UDP,54119,3480,337,2025-06-29 00:51:54.181656
48.208.208.22,192.168.0.103,UDP,3480,54119,161,2025-06-29 00:51:54.184649
192.168.0.103,48.208.208.22,UDP,54119,3480,337,2025-06-29 00:51:54.188669
48.208.208.22,192.168.0.103,UDP,3480,54119,170,2025-06-29 00:51:54.190664
192.168.0.103,48.208.208.22,UDP,54119,3480,90,2025-06-29 00:51:54.192659
48.208.208.22,192.168.0.103,UDP,3480,54119,175,2025-06-29 00:51:54.196167
192.168.0.103,48.208.208.22,UDP,54119,3480,201,2025-06-29 00:51:54.199667
192.168.0.103,48.208.208.22,UDP,54119,3480,337,2025-06-29 00:51:54.202664
48.208.208.22,192.168.0.103,UDP,3480,54119,163,2025-06-29 00:51:54.204653
48.208.208.22,192.168.0.103,UDP,3480,54119,147,2025-06-29 00:51:54.208690
192.168.0.103,48.208.208.22,UDP,54119,3480,337,2025-06-29 00:51:54.212680
192.168.0.103,48.208.208.22,UDP,54119,3480,90,2025-06-29 00:51:54.216189
48.208.208.22,192.168.0.103,UDP,3480,54119,155,2025-06-29 00:51:54.218691
192.168.0.103,48.208.208.22,UDP,54119,3480,337,2025-06-29 00:51:54.220685
48.208.208.22,192.168.0.103,UDP,3480,54119,153,2025-06-29 00:51:54.222682
192.168.0.103,48.208.208.22,UDP,54119,3480,152,2025-06-29 00:51:54.226710
192.168.0.103,48.208.208.22,UDP,54119,3480,337,2025-06-29 00:51:54.229687
48.208.208.22,192.168.0.103,UDP,3480,54119,153,2025-06-29 00:51:54.231681
192.168.0.103,48.208.208.22,UDP,54119,3480,83,2025-06-29 00:51:54.234676
192.168.0.103,48.208.208.22,UDP,54119,3480,90,2025-06-29 00:51:54.237692
48.208.208.22,192.168.0.103,UDP,3480,54119,149,2025-06-29 00:51:54.239686
192.168.0.103,48.208.208.22,UDP,54119,3480,337,2025-06-29 00:51:54.240684
48.208.208.22,192.168.0.103,UDP,3480,54119,142,2025-06-29 00:51:54.242678
192.168.0.103,48.208.208.22,UDP,54119,3480,337,2025-06-29 00:51:54.246186
48.208.208.22,192.168.0.103,UDP,3480,54119,150,2025-06-29 00:51:54.249685
192.168.0.103,48.208.208.22,UDP,54119,3480,337,2025-06-29 00:51:54.252677
192.168.0.103,48.208.208.22,UDP,54119,3480,90,2025-06-29 00:51:54.256707
48.208.208.22,192.168.0.103,UDP,3480,54119,142,2025-06-29 00:51:54.259684
48.208.208.22,192.168.0.103,UDP,3480,54119,142,2025-06-29 00:51:54.262675
192.168.0.103,48.208.208.22,UDP,54119,3480,337,2025-06-29 00:51:54.265669
48.208.208.22,192.168.0.103,UDP,3480,54119,143,2025-06-29 00:51:54.270655
192.168.0.103,48.208.208.22,UDP,54119,3480,337,2025-06-29 00:51:54.273646
48.208.208.22,192.168.0.103,UDP,3480,54119,141,2025-06-29 00:51:54.279684
192.168.0.103,48.208.208.22,UDP,54119,3480,337,2025-06-29 00:51:54.282675
192.168.0.103,48.208.208.22,UDP,54119,3480,90,2025-06-29 00:51:54.286185
48.208.208.22,192.168.0.103,UDP,3480,54119,146,2025-06-29 00:51:54.287689
192.168.0.103,192.168.0.1,UDP,65026,53,74,2025-06-29 00:51:54.291679
192.168.0.103,192.168.0.1,UDP,65151,53,74,2025-06-29 00:51:54.294671
192.168.0.1,192.168.0.103,UDP,53,65026,162,2025-06-29 00:51:54.297691
192.168.0.1,192.168.0.103,UDP,53,65151,171,2025-06-29 00:51:54.302679
192.168.0.103,142.251.47.100,UDP,53876,443,1292,2025-06-29 00:51:54.306701
192.168.0.103,142.251.47.100,UDP,53876,443,1292,2025-06-29 00:51:54.313674
192.168.0.103,142.251.47.100,UDP,53876,443,117,2025-06-29 00:51:54.317686
142.251.47.100,192.168.0.103,UDP,443,53876,82,2025-06-29 00:51:54.321675
192.168.0.103,48.208.208.22,UDP,54119,3480,337,2025-06-29 00:51:54.325665
142.251.47.100,192.168.0.103,UDP,443,53876,1292,2025-06-29 00:51:54.329678
48.208.208.22,192.168.0.103,UDP,3480,54119,83,2025-06-29 00:51:54.333669
192.168.0.103,142.251.47.100,UDP,53876,443,1292,2025-06-29 00:51:54.338685
142.251.47.100,192.168.0.103,UDP,443,53876,1292,2025-06-29 00:51:54.344674
192.168.0.103,48.208.208.22,UDP,54119,3480,337,2025-06-29 00:51:54.348687
192.168.0.103,142.251.47.100,UDP,53876,443,1292,2025-06-29 00:51:54.353673
142.251.47.100,192.168.0.103,UDP,443,53876,1292,2025-06-29 00:51:54.356700
192.168.0.103,48.208.208.22,UDP,54119,3480,86,2025-06-29 00:51:54.360680
192.168.0.103,48.208.208.22,UDP,54119,3480,337,2025-06-29 00:51:54.363672
192.168.0.103,142.251.47.100,UDP,53876,443,1292,2025-06-29 00:51:54.368691
192.168.0.103,48.208.208.22,UDP,54119,3480,167,2025-06-29 00:51:54.372681
142.251.47.100,192.168.0.103,UDP,443,53876,1292,2025-06-29 00:51:54.375674
192.168.0.103,48.208.208.22,UDP,54119,3480,179,2025-06-29 00:51:54.378698
192.168.0.103,142.251.47.100,UDP,53876,443,1292,2025-06-29 00:51:54.380691
142.251.47.100,192.168.0.103,UDP,443,53876,1292,2025-06-29 00:51:54.385679
48.208.208.22,192.168.0.103,UDP,3480,54119,110,2025-06-29 00:51:54.388697
192.168.0.103,48.208.208.22,UDP,54119,3480,183,2025-06-29 00:51:54.390691
192.168.0.103,142.251.47.100,UDP,53876,443,1292,2025-06-29 00:51:54.394681
142.251.47.100,192.168.0.103,UDP,443,53876,1292,2025-06-29 00:51:54.398700
192.168.0.103,48.208.208.22,UDP,54119,3480,337,2025-06-29 00:51:54.419695
192.168.0.103,142.251.47.100,UDP,53876,443,1292,2025-06-29 00:51:54.423684
192.168.0.103,48.208.208.22,UDP,54119,3480,186,2025-06-29 00:51:54.434683
142.251.47.100,192.168.0.103,UDP,443,53876,1292,2025-06-29 00:51:54.439697
192.168.0.103,142.251.47.100,UDP,53876,443,1292,2025-06-29 00:51:54.443685
192.168.0.103,48.208.208.22,UDP,54119,3480,174,2025-06-29 00:51:54.447701
142.251.47.100,192.168.0.103,UDP,443,53876,1292,2025-06-29 00:51:54.452689
192.168.0.103,48.208.208.22,UDP,54119,3480,169,2025-06-29 00:51:54.456193
192.168.0.103,142.251.47.100,UDP,53876,443,1292,2025-06-29 00:51:54.460690
142.251.47.100,192.168.0.103,UDP,443,53876,1292,2025-06-29 00:51:54.464678
142.251.47.100,192.168.0.103,UDP,443,53876,1292,2025-06-29 00:51:54.470690
142.251.47.100,192.168.0.103,UDP,443,53876,343,2025-06-29 00:51:54.475677
142.251.47.100,192.168.0.103,UDP,443,53876,991,2025-06-29 00:51:54.479701
142.251.47.100,192.168.0.103,UDP,443,53876,116,2025-06-29 00:51:54.483690
192.168.0.103,142.251.47.100,UDP,53876,443,120,2025-06-29 00:51:54.487706
192.168.0.103,142.251.47.100,UDP,53876,443,73,2025-06-29 00:51:54.490698
142.251.47.100,192.168.0.103,UDP,443,53876,68,2025-06-29 00:51:54.494690
192.168.0.103,48.208.208.22,UDP,54119,3480,337,2025-06-29 00:51:54.497706
192.168.0.103,142.251.47.100,UDP,53876,443,115,2025-06-29 00:51:54.501697
142.251.47.100,192.168.0.103,UDP,443,53876,162,2025-06-29 00:51:54.504688
192.168.0.103,142.251.47.100,UDP,53876,443,73,2025-06-29 00:51:54.507714
192.168.0.103,48.208.208.22,UDP,54119,3480,179,2025-06-29 00:51:54.510705
192.168.0.103,48.208.208.22,UDP,54119,3480,172,2025-06-29 00:51:54.511702
192.168.0.103,48.208.208.22,UDP,54119,3480,168,2025-06-29 00:51:54.514694
192.168.0.103,48.208.208.22,UDP,54119,3480,337,2025-06-29 00:51:54.518706
192.168.0.103,48.208.208.22,UDP,54119,3480,332,2025-06-29 00:51:54.521698
192.168.0.103,48.208.208.22,UDP,54119,3480,1244,2025-06-29 00:51:54.526209
192.168.0.103,48.208.208.22,UDP,54119,3480,1244,2025-06-29 00:51:54.529707
192.168.0.103,48.208.208.22,UDP,54119,3480,1244,2025-06-29 00:51:54.532701
192.168.0.103,48.208.208.22,UDP,54119,3480,167,2025-06-29 00:51:54.536212
192.168.0.103,48.208.208.22,UDP,54119,3480,1244,2025-06-29 00:51:54.539715
192.168.0.103,48.208.208.22,UDP,54119,3480,1244,2025-06-29 00:51:54.543702
192.168.0.103,48.208.208.22,UDP,54119,3480,1244,2025-06-29 00:51:54.546212
192.168.0.103,48.208.208.22,UDP,54119,3480,1244,2025-06-29 00:51:54.550710
192.168.0.103,48.208.208.22,UDP,54119,3480,1244,2025-06-29 00:51:54.554699
192.168.0.103,48.208.208.22,UDP,54119,3480,170,2025-06-29 00:51:54.557721
192.168.0.103,48.208.208.22,UDP,54119,3480,175,2025-06-29 00:51:54.588697
192.168.0.103,48.208.208.22,UDP,54119,3480,165,2025-06-29 00:51:54.591689
48.208.208.22,192.168.0.103,UDP,3480,54119,151,2025-06-29 00:51:54.595679
192.168.0.103,48.208.208.22,UDP,54119,3480,154,2025-06-29 00:51:54.598694
192.168.0.103,48.208.208.22,UDP,54119,3480,163,2025-06-29 00:51:54.602684
192.168.0.103,48.208.208.22,UDP,54119,3480,161,2025-06-29 00:51:54.605677
192.168.0.103,48.208.208.22,UDP,54119,3480,159,2025-06-29 00:51:54.608696
192.168.0.103,48.208.208.22,UDP,54119,3480,159,2025-06-29 00:51:54.612687
192.168.0.103,48.208.208.22,UDP,54119,3480,156,2025-06-29 00:51:54.623735
192.168.0.103,48.208.208.22,UDP,54119,3480,154,2025-06-29 00:51:54.634730
192.168.0.103,48.208.208.22,UDP,54119,3480,152,2025-06-29 00:51:54.638756
192.168.0.103,48.208.208.22,UDP,54119,3480,152,2025-06-29 00:51:54.643743
192.168.0.103,48.208.208.22,UDP,54119,3480,148,2025-06-29 00:51:54.653716
192.168.0.103,48.208.208.22,UDP,54119,3480,107,2025-06-29 00:51:54.664712
192.168.0.103,48.208.208.22,UDP,54119,3480,150,2025-06-29 00:51:54.668727
192.168.0.103,48.208.208.22,UDP,54119,3480,118,2025-06-29 00:51:54.672716
192.168.0.103,48.208.208.22,UDP,54119,3480,146,2025-06-29 00:51:54.675709
192.168.0.103,48.208.208.22,UDP,54119,3480,148,2025-06-29 00:51:54.677731
192.168.0.103,48.208.208.22,UDP,54119,3480,150,2025-06-29 00:51:54.683717
192.168.0.103,48.208.208.22,UDP,54119,3480,144,2025-06-29 00:51:54.687739
48.208.208.22,192.168.0.103,UDP,3480,54119,122,2025-06-29 00:51:54.700731
192.168.0.103,48.208.208.22,UDP,54119,3480,152,2025-06-29 00:51:54.703723
192.168.0.103,48.208.208.22,UDP,54119,3480,154,2025-06-29 00:51:54.707741
192.168.0.103,48.208.208.22,UDP,54119,3480,149,2025-06-29 00:51:54.711730
192.168.0.103,48.208.208.22,UDP,54119,3480,118,2025-06-29 00:51:54.715722
192.168.0.103,48.208.208.22,UDP,54119,3480,160,2025-06-29 00:51:54.720736
192.168.0.103,48.208.208.22,UDP,54119,3480,152,2025-06-29 00:51:54.734725
192.168.0.103,48.208.208.22,UDP,54119,3480,147,2025-06-29 00:51:54.742729
192.168.0.103,48.208.208.22,UDP,54119,3480,148,2025-06-29 00:51:54.746236
192.168.0.103,48.208.208.22,UDP,54119,3480,153,2025-06-29 00:51:54.756762
192.168.0.103,48.208.208.22,UDP,54119,3480,150,2025-06-29 00:51:54.759734
192.168.0.103,48.208.208.22,UDP,54119,3480,234,2025-06-29 00:51:54.761729
192.168.0.103,48.208.208.22,UDP,54119,3480,83,2025-06-29 00:51:54.765718
192.168.0.103,48.208.208.22,UDP,54119,3480,337,2025-06-29 00:51:54.787745
192.168.0.103,48.208.208.22,UDP,54119,3480,337,2025-06-29 00:51:54.791735
192.168.0.103,48.208.208.22,UDP,54119,3480,337,2025-06-29 00:51:54.793729
192.168.0.103,48.208.208.22,UDP,54119,3480,337,2025-06-29 00:51:54.796768
48.208.208.22,192.168.0.103,UDP,3480,54119,102,2025-06-29 00:51:54.800745
192.168.0.103,48.208.208.22,UDP,54119,3480,337,2025-06-29 00:51:54.804735
192.168.0.103,48.208.208.22,UDP,54119,3480,337,2025-06-29 00:51:54.807754
48.208.208.22,192.168.0.103,UDP,3480,54119,151,2025-06-29 00:51:54.809749
192.168.0.103,48.208.208.22,UDP,54119,3480,337,2025-06-29 00:51:54.812742
192.168.0.103,48.208.208.22,UDP,54119,3480,86,2025-06-29 00:51:54.818821
48.208.208.22,192.168.0.103,UDP,3480,54119,193,2025-06-29 00:51:54.822808
192.168.0.103,48.208.208.22,UDP,54119,3480,157,2025-06-29 00:51:54.825801
48.208.208.22,192.168.0.103,UDP,3480,54119,181,2025-06-29 00:51:54.828793
192.168.0.103,48.208.208.22,UDP,54119,3480,83,2025-06-29 00:51:54.831785
192.168.0.103,48.208.208.22,UDP,54119,3480,337,2025-06-29 00:51:54.836773
48.208.208.22,192.168.0.103,UDP,3480,54119,182,2025-06-29 00:51:54.840763
192.168.0.103,48.208.208.22,UDP,54119,3480,337,2025-06-29 00:51:54.842757
48.208.208.22,192.168.0.103,UDP,3480,54119,183,2025-06-29 00:51:54.846785
192.168.0.103,48.208.208.22,UDP,54119,3480,90,2025-06-29 00:51:54.850761
48.208.208.22,192.168.0.103,UDP,3480,54119,179,2025-06-29 00:51:54.855747
192.168.0.103,48.208.208.22,UDP,54119,3480,337,2025-06-29 00:51:54.859763
192.168.0.103,48.208.208.22,UDP,54119,3480,138,2025-06-29 00:51:54.862755
48.208.208.22,192.168.0.103,UDP,3480,54119,163,2025-06-29 00:51:54.867772
48.208.208.22,192.168.0.103,UDP,3480,54119,114,2025-06-29 00:51:54.871761
192.168.0.103,48.208.208.22,UDP,54119,3480,337,2025-06-29 00:51:54.874753
192.168.0.103,48.208.208.22,UDP,54119,3480,179,2025-06-29 00:51:54.877769
48.208.208.22,192.168.0.103,UDP,3480,54119,168,2025-06-29 00:51:54.880761
192.168.0.103,48.208.208.22,UDP,54119,3480,90,2025-06-29 00:51:54.883763
48.208.208.22,192.168.0.103,UDP,3480,54119,234,2025-06-29 00:51:54.890770
48.208.208.22,192.168.0.103,UDP,3480,54119,181,2025-06-29 00:51:54.894761
192.168.0.103,48.208.208.22,UDP,54119,3480,337,2025-06-29 00:51:54.897781
48.208.208.22,192.168.0.103,UDP,3480,54119,151,2025-06-29 00:51:54.903766
48.208.208.22,192.168.0.103,UDP,3480,54119,174,2025-06-29 00:51:54.906280
192.168.0.103,48.208.208.22,UDP,54119,3480,337,2025-06-29 00:51:54.909779
192.168.0.103,48.208.208.22,UDP,54119,3480,178,2025-06-29 00:51:54.912771
48.208.208.22,192.168.0.103,UDP,3480,54119,181,2025-06-29 00:51:54.918788
192.168.0.103,48.208.208.22,UDP,54119,3480,86,2025-06-29 00:51:54.921780
192.168.0.103,48.208.208.22,UDP,54119,3480,183,2025-06-29 00:51:54.925768
48.208.208.22,192.168.0.103,UDP,3480,54119,183,2025-06-29 00:51:54.938975
192.168.0.103,48.208.208.22,UDP,54119,3480,177,2025-06-29 00:51:54.941966
48.208.208.22,192.168.0.103,UDP,3480,54119,182,2025-06-29 00:51:54.943962
192.168.0.103,48.208.208.22,UDP,54119,3480,337,2025-06-29 00:51:54.946953
192.168.0.103,48.208.208.22,UDP,54119,3480,172,2025-06-29 00:51:54.948948
192.168.0.103,48.208.208.22,UDP,54119,3480,118,2025-06-29 00:51:54.954932
48.208.208.22,192.168.0.103,UDP,3480,54119,184,2025-06-29 00:51:54.958923
192.168.0.103,48.208.208.22,UDP,54119,3480,90,2025-06-29 00:51:54.961915
192.168.0.103,48.208.208.22,UDP,54119,3480,170,2025-06-29 00:51:54.963910
48.208.208.22,192.168.0.103,UDP,3480,54119,182,2025-06-29 00:51:54.967900
192.168.0.103,48.208.208.22,UDP,54119,3480,179,2025-06-29 00:51:54.970891
48.208.208.22,192.168.0.103,UDP,3480,54119,187,2025-06-29 00:51:54.973885
192.168.0.103,48.208.208.22,UDP,54119,3480,337,2025-06-29 00:51:54.975878
192.168.0.103,48.208.208.22,UDP,54119,3480,173,2025-06-29 00:51:54.978870
48.208.208.22,192.168.0.103,UDP,3480,54119,197,2025-06-29 00:51:54.982861
192.168.0.103,48.208.208.22,UDP,54119,3480,171,2025-06-29 00:51:54.987849
192.168.0.103,48.208.208.22,UDP,54119,3480,90,2025-06-29 00:51:54.990840
48.208.208.22,192.168.0.103,UDP,3480,54119,180,2025-06-29 00:51:54.995828
192.168.0.103,48.208.208.22,UDP,54119,3480,175,2025-06-29 00:51:55.006351
48.208.208.22,192.168.0.103,UDP,3480,54119,176,2025-06-29 00:51:55.011869
192.168.0.103,48.208.208.22,UDP,54119,3480,337,2025-06-29 00:51:55.015838
192.168.0.103,48.208.208.22,UDP,54119,3480,174,2025-06-29 00:51:55.024813
48.208.208.22,192.168.0.103,UDP,3480,54119,185,2025-06-29 00:51:55.027806
192.168.0.103,48.208.208.22,UDP,54119,3480,107,2025-06-29 00:51:55.030797
192.168.0.103,48.208.208.22,UDP,54119,3480,177,2025-06-29 00:51:55.037862
192.168.0.103,48.208.208.22,UDP,54119,3480,90,2025-06-29 00:51:55.040854
48.208.208.22,192.168.0.103,UDP,3480,54119,180,2025-06-29 00:51:55.042849
192.168.0.103,48.208.208.22,UDP,54119,3480,177,2025-06-29 00:51:55.044843
48.208.208.22,192.168.0.103,UDP,3480,54119,180,2025-06-29 00:51:55.046838
192.168.0.103,48.208.208.22,UDP,54119,3480,337,2025-06-29 00:51:55.049831
192.168.0.103,48.208.208.22,UDP,54119,3480,166,2025-06-29 00:51:55.054817
48.208.208.22,192.168.0.103,UDP,3480,54119,181,2025-06-29 00:51:55.075801
192.168.0.103,48.208.208.22,UDP,54119,3480,170,2025-06-29 00:51:55.079792
192.168.0.103,48.208.208.22,UDP,54119,3480,90,2025-06-29 00:51:55.082785
48.208.208.22,192.168.0.103,UDP,3480,54119,184,2025-06-29 00:51:55.088805
48.208.208.22,192.168.0.103,UDP,3480,54119,114,2025-06-29 00:51:55.092793
48.208.208.22,192.168.0.103,UDP,3480,54119,90,2025-06-29 00:51:55.095785
48.208.208.22,192.168.0.103,UDP,3480,54119,218,2025-06-29 00:51:55.098806
192.168.0.103,48.208.208.22,UDP,54119,3480,176,2025-06-29 00:51:55.103793
192.168.0.103,48.208.208.22,UDP,54119,3480,337,2025-06-29 00:51:55.107804
48.208.208.22,192.168.0.103,UDP,3480,54119,175,2025-06-29 00:51:55.110796
192.168.0.103,48.208.208.22,UDP,54119,3480,183,2025-06-29 00:51:55.112791
48.208.208.22,192.168.0.103,UDP,3480,54119,171,2025-06-29 00:51:55.115784
192.168.0.103,48.208.208.22,UDP,54119,3480,173,2025-06-29 00:51:55.121806
48.208.208.22,192.168.0.103,UDP,3480,54119,176,2025-06-29 00:51:55.124797
192.168.0.103,48.208.208.22,UDP,54119,3480,90,2025-06-29 00:51:55.127814
192.168.0.103,48.208.208.22,UDP,54119,3480,175,2025-06-29 00:51:55.130806
48.208.208.22,192.168.0.103,UDP,3480,54119,181,2025-06-29 00:51:55.132801
192.168.0.103,48.208.208.22,UDP,54119,3480,337,2025-06-29 00:51:55.140944
192.168.0.103,48.208.208.22,UDP,54119,3480,181,2025-06-29 00:51:55.142939
48.208.208.22,192.168.0.103,UDP,3480,54119,172,2025-06-29 00:51:55.144933
192.168.0.103,48.208.208.22,UDP,54119,3480,187,2025-06-29 00:51:55.147926
48.208.208.22,192.168.0.103,UDP,3480,54119,179,2025-06-29 00:51:55.151916
192.168.0.103,48.208.208.22,UDP,54119,3480,90,2025-06-29 00:51:55.155910
192.168.0.103,48.208.208.22,UDP,54119,3480,173,2025-06-29 00:51:55.159896
48.208.208.22,192.168.0.103,UDP,3480,54119,172,2025-06-29 00:51:55.162887
192.168.0.103,48.208.208.22,UDP,54119,3480,337,2025-06-29 00:51:55.165879
192.168.0.103,48.208.208.22,UDP,54119,3480,169,2025-06-29 00:51:55.172862
48.208.208.22,192.168.0.103,UDP,3480,54119,176,2025-06-29 00:51:55.175867
192.168.0.103,48.208.208.22,UDP,54119,3480,164,2025-06-29 00:51:55.178846
192.168.0.103,48.208.208.22,UDP,54119,3480,86,2025-06-29 00:51:55.181838
48.208.208.22,192.168.0.103,UDP,3480,54119,167,2025-06-29 00:51:55.186826
192.168.0.103,48.208.208.22,UDP,54119,3480,165,2025-06-29 00:51:55.189818
48.208.208.22,192.168.0.103,UDP,3480,54119,179,2025-06-29 00:51:55.191813
192.168.0.103,48.208.208.22,UDP,54119,3480,337,2025-06-29 00:51:55.194806
192.168.0.103,48.208.208.22,UDP,54119,3480,162,2025-06-29 00:51:55.196838
192.168.0.103,48.208.208.22,UDP,54119,3480,343,2025-06-29 00:51:55.200820
48.208.208.22,192.168.0.103,UDP,3480,54119,184,2025-06-29 00:51:55.209914
192.168.0.103,48.208.208.22,UDP,54119,3480,147,2025-06-29 00:51:55.212905
48.208.208.22,192.168.0.103,UDP,3480,54119,192,2025-06-29 00:51:55.218892
192.168.0.103,48.208.208.22,UDP,54119,3480,148,2025-06-29 00:51:55.221883
48.208.208.22,192.168.0.103,UDP,3480,54119,179,2025-06-29 00:51:55.226870
192.168.0.103,48.208.208.22,UDP,54119,3480,90,2025-06-29 00:51:55.230860
192.168.0.103,48.208.208.22,UDP,54119,3480,144,2025-06-29 00:51:55.236846
48.208.208.22,192.168.0.103,UDP,3480,54119,174,2025-06-29 00:51:55.240836
192.168.0.103,48.208.208.22,UDP,54119,3480,143,2025-06-29 00:51:55.243826
192.168.0.103,48.208.208.22,UDP,54119,3480,337,2025-06-29 00:51:55.247841
48.208.208.22,192.168.0.103,UDP,3480,54119,175,2025-06-29 00:51:55.253831
192.168.0.103,48.208.208.22,UDP,54119,3480,146,2025-06-29 00:51:55.257846
48.208.208.22,192.168.0.103,UDP,3480,54119,175,2025-06-29 00:51:55.260838
192.168.0.103,48.208.208.22,UDP,54119,3480,90,2025-06-29 00:51:55.264828
192.168.0.103,48.208.208.22,UDP,54119,3480,152,2025-06-29 00:51:55.270858
48.208.208.22,192.168.0.103,UDP,3480,54119,172,2025-06-29 00:51:55.272852
192.168.0.103,48.208.208.22,UDP,54119,3480,337,2025-06-29 00:51:55.274847
192.168.0.103,48.208.208.22,UDP,54119,3480,155,2025-06-29 00:51:55.278837
48.208.208.22,192.168.0.103,UDP,3480,54119,184,2025-06-29 00:51:55.280832
192.168.0.103,48.208.208.22,UDP,54119,3480,164,2025-06-29 00:51:55.286338
48.208.208.22,192.168.0.103,UDP,3480,54119,178,2025-06-29 00:51:55.289837
192.168.0.103,48.208.208.22,UDP,54119,3480,337,2025-06-29 00:51:55.294824
192.168.0.103,48.208.208.22,UDP,54119,3480,90,2025-06-29 00:51:55.297850
192.168.0.103,48.208.208.22,UDP,54119,3480,153,2025-06-29 00:51:55.302835
48.208.208.22,192.168.0.103,UDP,3480,54119,164,2025-06-29 00:51:55.304831
192.168.0.103,48.208.208.22,UDP,54119,3480,149,2025-06-29 00:51:55.306871
48.208.208.22,192.168.0.103,UDP,3480,54119,162,2025-06-29 00:51:55.309855
192.168.0.103,48.208.208.22,UDP,54119,3480,147,2025-06-29 00:51:55.313845
48.208.208.22,192.168.0.103,UDP,3480,54119,177,2025-06-29 00:51:55.319830
192.168.0.103,48.208.208.22,UDP,54119,3480,337,2025-06-29 00:51:55.322821
192.168.0.103,48.208.208.22,UDP,54119,3480,139,2025-06-29 00:51:55.325814
192.168.0.103,48.208.208.22,UDP,54119,3480,90,2025-06-29 00:51:55.328832
48.208.208.22,192.168.0.103,UDP,3480,54119,173,2025-06-29 00:51:55.330827
192.168.0.103,48.208.208.22,UDP,54119,3480,153,2025-06-29 00:51:55.336881
48.208.208.22,192.168.0.103,UDP,3480,54119,169,2025-06-29 00:51:55.340854
192.168.0.103,48.208.208.22,UDP,54119,3480,337,2025-06-29 00:51:55.343846
192.168.0.103,48.208.208.22,UDP,54119,3480,158,2025-06-29 00:51:55.346838
48.208.208.22,192.168.0.103,UDP,3480,54119,175,2025-06-29 00:51:55.349830
48.208.208.22,192.168.0.103,UDP,3480,54119,122,2025-06-29 00:51:55.354818
192.168.0.103,48.208.208.22,UDP,54119,3480,170,2025-06-29 00:51:55.357810
48.208.208.22,192.168.0.103,UDP,3480,54119,169,2025-06-29 00:51:55.361801
192.168.0.103,48.208.208.22,UDP,54119,3480,90,2025-06-29 00:51:55.365789
192.168.0.103,48.208.208.22,UDP,54119,3480,178,2025-06-29 00:51:55.371808
48.208.208.22,192.168.0.103,UDP,3480,54119,177,2025-06-29 00:51:55.374801
192.168.0.103,48.208.208.22,UDP,54119,3480,337,2025-06-29 00:51:55.377815
192.168.0.103,48.208.208.22,UDP,54119,3480,179,2025-06-29 00:51:55.380806
48.208.208.22,192.168.0.103,UDP,3480,54119,175,2025-06-29 00:51:55.382801
192.168.0.103,48.208.208.22,UDP,54119,3480,182,2025-06-29 00:51:55.387818
48.208.208.22,192.168.0.103,UDP,3480,54119,180,2025-06-29 00:51:55.390811
192.168.0.103,48.208.208.22,UDP,54119,3480,179,2025-06-29 00:51:55.394799
48.208.208.22,192.168.0.103,UDP,3480,54119,177,2025-06-29 00:51:55.397813
192.168.0.103,48.208.208.22,UDP,54119,3480,337,2025-06-29 00:51:55.403798
192.168.0.103,48.208.208.22,UDP,54119,3480,90,2025-06-29 00:51:55.405793
192.168.0.103,48.208.208.22,UDP,54119,3480,118,2025-06-29 00:51:55.408816
192.168.0.103,48.208.208.22,UDP,54119,3480,182,2025-06-29 00:51:55.411808
48.208.208.22,192.168.0.103,UDP,3480,54119,161,2025-06-29 00:51:55.414800
192.168.0.103,48.208.208.22,UDP,54119,3480,177,2025-06-29 00:51:55.420817
48.208.208.22,192.168.0.103,UDP,3480,54119,145,2025-06-29 00:51:55.421815
192.168.0.103,48.208.208.22,UDP,54119,3480,175,2025-06-29 00:51:55.424807
48.208.208.22,192.168.0.103,UDP,3480,54119,151,2025-06-29 00:51:55.428936
192.168.0.103,48.208.208.22,UDP,54119,3480,337,2025-06-29 00:51:55.431928
192.168.0.103,48.208.208.22,UDP,54119,3480,178,2025-06-29 00:51:55.438910
48.208.208.22,192.168.0.103,UDP,3480,54119,146,2025-06-29 00:51:55.442903
192.168.0.103,48.208.208.22,UDP,54119,3480,90,2025-06-29 00:51:55.445892
192.168.0.103,48.208.208.22,UDP,54119,3480,171,2025-06-29 00:51:55.448913
192.168.0.103,48.208.208.22,UDP,54119,3480,195,2025-06-29 00:51:55.454895
48.208.208.22,192.168.0.103,UDP,3480,54119,155,2025-06-29 00:51:55.457890
192.168.0.103,48.208.208.22,UDP,54119,3480,171,2025-06-29 00:51:55.460880
48.208.208.22,192.168.0.103,UDP,3480,54119,148,2025-06-29 00:51:55.464869
192.168.0.103,48.208.208.22,UDP,54119,3480,170,2025-06-29 00:51:55.471851
48.208.208.22,192.168.0.103,UDP,3480,54119,145,2025-06-29 00:51:55.475841
192.168.0.103,48.208.208.22,UDP,54119,3480,337,2025-06-29 00:51:55.478877
192.168.0.103,48.208.208.22,UDP,54119,3480,90,2025-06-29 00:51:55.482865
192.168.0.103,48.208.208.22,UDP,54119,3480,170,2025-06-29 00:51:55.487890
48.208.208.22,192.168.0.103,UDP,3480,54119,151,2025-06-29 00:51:55.491879
48.208.208.22,192.168.0.103,UDP,3480,54119,147,2025-06-29 00:51:55.496386
192.168.0.103,48.208.208.22,UDP,54119,3480,169,2025-06-29 00:51:55.498887
48.208.208.22,192.168.0.103,UDP,3480,54119,152,2025-06-29 00:51:55.505870
192.168.0.103,48.208.208.22,UDP,54119,3480,173,2025-06-29 00:51:55.508863
48.208.208.22,192.168.0.103,UDP,3480,54119,153,2025-06-29 00:51:55.510855
192.168.0.103,48.208.208.22,UDP,54119,3480,337,2025-06-29 00:51:55.512863
192.168.0.103,48.208.208.22,UDP,54119,3480,163,2025-06-29 00:51:55.514845
192.168.0.103,48.208.208.22,UDP,54119,3480,90,2025-06-29 00:51:55.518885
48.208.208.22,192.168.0.103,UDP,3480,54119,145,2025-06-29 00:51:55.521877
192.168.0.103,48.208.208.22,UDP,54119,3480,165,2025-06-29 00:51:55.524869
48.208.208.22,192.168.0.103,UDP,3480,54119,146,2025-06-29 00:51:55.527861
192.168.0.103,48.208.208.22,UDP,54119,3480,160,2025-06-29 00:51:55.529856
192.168.0.103,48.208.208.22,UDP,54119,3480,337,2025-06-29 00:51:55.531851
48.208.208.22,192.168.0.103,UDP,3480,54119,138,2025-06-29 00:51:55.537836
192.168.0.103,48.208.208.22,UDP,54119,3480,164,2025-06-29 00:51:55.541825
192.168.0.103,48.208.208.22,UDP,54119,3480,90,2025-06-29 00:51:55.543820
48.208.208.22,192.168.0.103,UDP,3480,54119,136,2025-06-29 00:51:55.546852
192.168.0.103,48.208.208.22,UDP,54119,3480,151,2025-06-29 00:51:55.549834
48.208.208.22,192.168.0.103,UDP,3480,54119,146,2025-06-29 00:51:55.552828
192.168.0.103,48.208.208.22,UDP,54119,3480,337,2025-06-29 00:51:55.556336
192.168.0.103,48.208.208.22,UDP,54119,3480,154,2025-06-29 00:51:55.559835
48.208.208.22,192.168.0.103,UDP,3480,54119,144,2025-06-29 00:51:55.564822
192.168.0.103,48.208.208.22,UDP,54119,3480,155,2025-06-29 00:51:55.568838
192.168.0.103,48.208.208.22,UDP,54119,3480,90,2025-06-29 00:51:55.570833
48.208.208.22,192.168.0.103,UDP,3480,54119,147,2025-06-29 00:51:55.572828
192.168.0.103,48.208.208.22,UDP,54119,3480,151,2025-06-29 00:51:55.574823
192.168.0.103,48.208.208.22,UDP,54119,3480,337,2025-06-29 00:51:55.577863
48.208.208.22,192.168.0.103,UDP,3480,54119,149,2025-06-29 00:51:55.579858
192.168.0.103,48.208.208.22,UDP,54119,3480,107,2025-06-29 00:51:55.584845
192.168.0.103,48.208.208.22,UDP,54119,3480,148,2025-06-29 00:51:55.587864
48.208.208.22,192.168.0.103,UDP,3480,54119,146,2025-06-29 00:51:55.608864
192.168.0.103,48.208.208.22,UDP,54119,3480,146,2025-06-29 00:51:55.612853
48.208.208.22,192.168.0.103,UDP,3480,54119,146,2025-06-29 00:51:55.614850
192.168.0.103,48.208.208.22,UDP,54119,3480,337,2025-06-29 00:51:55.619864
192.168.0.103,48.208.208.22,UDP,54119,3480,153,2025-06-29 00:51:55.622856
192.168.0.103,48.208.208.22,UDP,54119,3480,90,2025-06-29 00:51:55.626367
48.208.208.22,192.168.0.103,UDP,3480,54119,122,2025-06-29 00:51:55.630864
48.208.208.22,192.168.0.103,UDP,3480,54119,144,2025-06-29 00:51:55.633857
192.168.0.103,48.208.208.22,UDP,54119,3480,157,2025-06-29 00:51:55.636889
48.208.208.22,192.168.0.103,UDP,3480,54119,139,2025-06-29 00:51:55.639869
192.168.0.103,48.208.208.22,UDP,54119,3480,337,2025-06-29 00:51:55.641864
192.168.0.103,48.208.208.22,UDP,54119,3480,152,2025-06-29 00:51:55.643858
48.208.208.22,192.168.0.103,UDP,3480,54119,144,2025-06-29 00:51:55.646370
192.168.0.103,48.208.208.22,UDP,54119,3480,148,2025-06-29 00:51:55.648872
192.168.0.103,48.208.208.22,UDP,54119,3480,90,2025-06-29 00:51:55.652862
48.208.208.22,192.168.0.103,UDP,3480,54119,83,2025-06-29 00:51:55.654856
192.168.0.103,48.208.208.22,UDP,54119,3480,150,2025-06-29 00:51:55.656892
192.168.0.103,48.208.208.22,UDP,54119,3480,337,2025-06-29 00:51:55.660874
192.168.0.103,48.208.208.22,UDP,54119,3480,149,2025-06-29 00:51:55.663865
192.168.0.103,48.208.208.22,UDP,54119,3480,145,2025-06-29 00:51:55.666897
192.168.0.103,48.208.208.22,UDP,54119,3480,118,2025-06-29 00:51:55.670872
192.168.0.103,48.208.208.22,UDP,54119,3480,337,2025-06-29 00:51:55.694858
192.168.0.103,48.208.208.22,UDP,54119,3480,145,2025-06-29 00:51:55.700955
192.168.0.103,48.208.208.22,UDP,54119,3480,86,2025-06-29 00:51:55.702949
192.168.0.103,48.208.208.22,UDP,54119,3480,94,2025-06-29 00:51:55.705941
192.168.0.103,48.208.208.22,UDP,54119,3480,148,2025-06-29 00:51:55.707937
192.168.0.103,48.208.208.22,UDP,54119,3480,337,2025-06-29 00:51:55.710928
192.168.0.103,48.208.208.22,UDP,54119,3480,147,2025-06-29 00:51:55.711926
192.168.0.103,48.208.208.22,UDP,54119,3480,144,2025-06-29 00:51:55.713920
192.168.0.103,48.208.208.22,UDP,54119,3480,148,2025-06-29 00:51:55.716914
192.168.0.103,48.208.208.22,UDP,54119,3480,324,2025-06-29 00:51:55.720902
192.168.0.103,48.208.208.22,UDP,54119,3480,147,2025-06-29 00:51:55.751866
192.168.0.103,48.208.208.22,UDP,54119,3480,150,2025-06-29 00:51:55.754858
192.168.0.103,48.208.208.22,UDP,54119,3480,337,2025-06-29 00:51:55.756886
192.168.0.103,48.208.208.22,UDP,54119,3480,146,2025-06-29 00:51:55.759870
192.168.0.103,48.208.208.22,UDP,54119,3480,83,2025-06-29 00:51:55.764857
192.168.0.103,48.208.208.22,UDP,54119,3480,337,2025-06-29 00:51:55.769880
192.168.0.103,48.208.208.22,UDP,54119,3480,337,2025-06-29 00:51:55.780865
192.168.0.103,48.208.208.22,UDP,54119,3480,337,2025-06-29 00:51:55.784857
192.168.0.103,48.208.208.22,UDP,54119,3480,337,2025-06-29 00:51:55.794850
192.168.0.103,48.208.208.22,UDP,54119,3480,337,2025-06-29 00:51:55.796884
192.168.0.103,48.208.208.22,UDP,54119,3480,337,2025-06-29 00:51:55.798866
192.168.0.103,48.208.208.22,UDP,54119,3480,337,2025-06-29 00:51:55.802856
192.168.0.103,48.208.208.22,UDP,54119,3480,337,2025-06-29 00:51:55.806360
192.168.0.103,48.208.208.22,UDP,54119,3480,337,2025-06-29 00:51:55.809858
192.168.0.103,48.208.208.22,UDP,54119,3480,337,2025-06-29 00:51:55.812853
192.168.0.103,48.208.208.22,UDP,54119,3480,337,2025-06-29 00:51:55.814845
48.208.208.22,192.168.0.103,UDP,3480,54119,118,2025-06-29 00:51:55.818862
48.208.208.22,192.168.0.103,UDP,3480,54119,90,2025-06-29 00:51:55.822851
48.208.208.22,192.168.0.103,UDP,3480,54119,218,2025-06-29 00:51:55.825843
192.168.0.103,48.208.208.22,UDP,54119,3480,337,2025-06-29 00:51:55.827867
192.168.0.103,48.208.208.22,UDP,54119,3480,337,2025-06-29 00:51:55.834857
192.168.0.103,48.208.208.22,UDP,54119,3480,337,2025-06-29 00:51:55.837876
192.168.0.103,48.208.208.22,UDP,54119,3480,337,2025-06-29 00:51:55.840868
192.168.0.103,48.208.208.22,UDP,54119,3480,337,2025-06-29 00:51:55.843860
192.168.0.103,48.208.208.22,UDP,54119,3480,153,2025-06-29 00:51:55.847878
192.168.0.103,48.208.208.22,UDP,54119,3480,337,2025-06-29 00:51:55.852865
192.168.0.103,48.208.208.22,UDP,54119,3480,83,2025-06-29 00:51:55.854860
192.168.0.103,48.208.208.22,UDP,54119,3480,337,2025-06-29 00:51:55.858886
48.208.208.22,192.168.0.103,UDP,3480,54119,139,2025-06-29 00:51:55.861878
192.168.0.103,48.208.208.22,UDP,54119,3480,284,2025-06-29 00:51:55.867888
48.208.208.22,192.168.0.103,UDP,3480,54119,200,2025-06-29 00:51:55.870879
48.208.208.22,192.168.0.103,UDP,3480,54119,151,2025-06-29 00:51:55.872873
192.168.0.103,48.208.208.22,UDP,54119,3480,337,2025-06-29 00:51:55.874869
